id,course_id,userid,status,watch_video,meeting_name,meeting_date,is_parent,uid,reminder,percentage,classroom,started,last_stop,earned,parent_id,attempt,created_at
2,26,1,pending,0,Course 26 Attempt 2,2024-01-14 02:00:00,0,CP_0002,no,0,101,0,00:37:05,0,60,2,2023-08-09 00:00:00
1,26,1,in_progress,75,Course 26 Attempt 1,2024-01-06 00:00:00,0,CP_0001,yes,75,101,1,00:35:29,0,60,1,2023-08-10 00:00:00
5,41,2,pending,0,Course 41 Attempt 1,2024-01-14 07:00:00,0,CP_0005,no,0,101,0,00:52:16,0,88,1,2023-02-24 00:00:00
3,43,2,in_progress,50,Course 43 Attempt 1,2024-01-03 00:00:00,0,CP_0003,no,50,101,1,00:24:48,0,88,1,2023-08-21 00:00:00
4,46,2,completed,100,Course 46 Attempt 1,2024-01-07 03:00:00,0,CP_0004,no,100,101,1,00:11:25,1,88,1,2023-08-26 00:00:00
7,69,3,pending,0,Course 69 Attempt 2,2024-01-20 05:00:00,0,CP_0007,no,0,102,0,00:46:47,0,92,2,2023-06-25 00:00:00
6,69,3,in_progress,75,Course 69 Attempt 1,2024-01-10 00:00:00,0,CP_0006,yes,75,102,1,00:30:46,0,92,1,2023-06-26 00:00:00
10,38,4,in_progress,75,Course 38 Attempt 1,2024-01-20 08:00:00,0,CP_0010,no,75,201,1,00:12:29,0,39,1,2023-02-24 00:00:00
8,99,4,in_progress,50,Course 99 Attempt 1,2024-01-11 00:00:00,0,CP_0008,yes,50,201,1,00:49:28,0,39,1,2023-02-13 00:00:00
9,99,4,completed,100,Course 99 Attempt 2,2024-01-16 05:00:00,0,CP_0009,no,100,201,1,00:19:59,1,39,2,2023-02-14 00:00:00
12,8,5,in_progress,75,Course 8 Attempt 1,2024-01-08 01:00:00,0,CP_0012,yes,75,201,1,00:47:37,0,34,1,2023-01-16 00:00:00
13,8,5,in_progress,25,Course 8 Attempt 2,2024-01-14 03:00:00,0,CP_0013,no,25,201,1,00:19:52,0,34,2,2023-01-17 00:00:00
11,56,5,in_progress,75,Course 56 Attempt 1,2024-01-07 00:00:00,0,CP_0011,no,75,201,1,00:32:19,0,34,1,2023-05-11 00:00:00
15,8,6,in_progress,75,Course 8 Attempt 1,2024-01-07 01:00:00,0,CP_0015,yes,75,101,1,00:48:17,0,27,1,2023-03-08 00:00:00
16,8,6,in_progress,50,Course 8 Attempt 2,2024-01-13 06:00:00,0,CP_0016,no,50,101,1,00:58:24,0,27,2,2023-03-09 00:00:00
14,44,6,in_progress,25,Course 44 Attempt 1,2024-01-05 00:00:00,0,CP_0014,yes,25,101,1,00:52:34,0,27,1,2023-01-24 00:00:00
20,37,7,pending,0,Course 37 Attempt 1,2024-01-31 10:00:00,0,CP_0020,yes,0,101,0,00:42:34,0,40,1,2023-01-25 00:00:00
17,41,7,in_progress,75,Course 41 Attempt 1,2024-01-09 00:00:00,0,CP_0017,yes,75,101,1,00:12:25,0,40,1,2023-09-03 00:00:00
18,71,7,pending,0,Course 71 Attempt 1,2024-01-15 05:00:00,0,CP_0018,no,0,101,0,00:10:44,0,40,1,2023-02-05 00:00:00
19,71,7,in_progress,75,Course 71 Attempt 2,2024-01-25 09:00:00,0,CP_0019,yes,75,101,1,00:44:54,0,40,2,2023-02-06 00:00:00
21,52,8,in_progress,50,Course 52 Attempt 1,2024-01-11 00:00:00,0,CP_0021,yes,50,102,1,00:43:26,0,61,1,2023-10-05 00:00:00
22,52,8,completed,100,Course 52 Attempt 2,2024-01-18 02:00:00,0,CP_0022,no,100,102,1,00:58:16,1,61,2,2023-10-06 00:00:00
23,96,9,in_progress,75,Course 96 Attempt 1,2024-01-03 00:00:00,0,CP_0023,no,75,201,1,00:45:12,0,58,1,2023-01-31 00:00:00
27,10,10,in_progress,50,Course 10 Attempt 1,2024-01-27 11:00:00,0,CP_0027,yes,50,201,1,00:28:03,0,45,1,2023-03-20 00:00:00
24,50,10,in_progress,75,Course 50 Attempt 1,2024-01-07 00:00:00,0,CP_0024,no,75,201,1,00:28:29,0,45,1,2023-10-08 00:00:00
25,87,10,in_progress,25,Course 87 Attempt 1,2024-01-16 05:00:00,0,CP_0025,yes,25,201,1,00:55:56,0,45,1,2023-01-18 00:00:00
26,87,10,in_progress,50,Course 87 Attempt 2,2024-01-19 08:00:00,0,CP_0026,no,50,201,1,00:37:32,0,45,2,2023-01-19 00:00:00
28,63,11,in_progress,50,Course 63 Attempt 1,2024-01-09 00:00:00,0,CP_0028,yes,50,101,1,00:28:44,0,7,1,2023-04-26 00:00:00
29,63,11,in_progress,25,Course 63 Attempt 2,2024-01-10 05:00:00,0,CP_0029,yes,25,101,1,00:28:56,0,7,2,2023-04-27 00:00:00
30,18,12,in_progress,50,Course 18 Attempt 1,2024-01-06 00:00:00,0,CP_0030,yes,50,101,1,00:46:05,0,28,1,2023-04-19 00:00:00
34,2,13,pending,0,Course 2 Attempt 2,2024-01-19 12:00:00,0,CP_0034,no,0,102,0,00:30:35,0,21,2,2023-03-04 00:00:00
33,2,13,in_progress,75,Course 2 Attempt 1,2024-01-15 09:00:00,0,CP_0033,no,75,102,1,00:36:19,0,21,1,2023-03-05 00:00:00
31,6,13,in_progress,25,Course 6 Attempt 1,2024-01-04 00:00:00,0,CP_0031,no,25,102,1,00:36:20,0,21,1,2023-03-07 00:00:00
32,6,13,in_progress,50,Course 6 Attempt 2,2024-01-08 05:00:00,0,CP_0032,yes,50,102,1,00:52:31,0,21,2,2023-03-08 00:00:00
36,33,13,in_progress,50,Course 33 Attempt 2,2024-01-29 17:00:00,0,CP_0036,no,50,102,1,00:13:42,0,21,2,2023-09-14 00:00:00
35,33,13,completed,100,Course 33 Attempt 1,2024-01-26 15:00:00,0,CP_0035,yes,100,102,1,00:48:53,1,21,1,2023-09-15 00:00:00
37,94,13,completed,100,Course 94 Attempt 1,2024-02-06 22:00:00,0,CP_0037,no,100,102,1,00:33:03,1,21,1,2023-07-31 00:00:00
38,6,14,in_progress,50,Course 6 Attempt 1,2024-01-06 00:00:00,0,CP_0038,yes,50,201,1,00:46:39,0,59,1,2023-06-10 00:00:00
39,6,14,in_progress,50,Course 6 Attempt 2,2024-01-11 05:00:00,0,CP_0039,yes,50,201,1,00:21:06,0,59,2,2023-06-11 00:00:00
41,17,14,pending,0,Course 17 Attempt 1,2024-01-22 09:00:00,0,CP_0041,yes,0,201,0,00:44:02,0,59,1,2023-07-05 00:00:00
42,17,14,in_progress,50,Course 17 Attempt 2,2024-01-27 14:00:00,0,CP_0042,no,50,201,1,00:12:18,0,59,2,2023-07-06 00:00:00
40,97,14,completed,100,Course 97 Attempt 1,2024-01-18 08:00:00,0,CP_0040,no,100,201,1,00:51:42,1,59,1,2023-04-24 00:00:00
43,26,15,in_progress,25,Course 26 Attempt 1,2024-01-05 00:00:00,0,CP_0043,yes,25,201,1,00:31:53,0,80,1,2023-02-11 00:00:00
44,26,15,in_progress,75,Course 26 Attempt 2,2024-01-06 03:00:00,0,CP_0044,no,75,201,1,00:14:12,0,80,2,2023-02-12 00:00:00
45,89,15,in_progress,50,Course 89 Attempt 1,2024-01-09 07:00:00,0,CP_0045,yes,50,201,1,00:10:50,0,80,1,2023-05-24 00:00:00
46,89,15,in_progress,25,Course 89 Attempt 2,2024-01-10 08:00:00,0,CP_0046,no,25,201,1,00:59:18,0,80,2,2023-05-25 00:00:00
50,31,16,in_progress,75,Course 31 Attempt 2,2024-01-25 11:00:00,0,CP_0050,no,75,101,1,00:35:51,0,30,2,2023-05-13 00:00:00
49,31,16,completed,100,Course 31 Attempt 1,2024-01-24 10:00:00,0,CP_0049,yes,100,101,1,00:21:17,1,30,1,2023-05-14 00:00:00
53,35,16,in_progress,50,Course 35 Attempt 2,2024-02-18 20:00:00,0,CP_0053,no,50,101,1,00:13:03,0,30,2,2023-10-29 00:00:00
52,35,16,completed,100,Course 35 Attempt 1,2024-02-09 17:00:00,0,CP_0052,yes,100,101,1,00:14:58,1,30,1,2023-10-30 00:00:00
47,42,16,in_progress,50,Course 42 Attempt 1,2024-01-04 00:00:00,0,CP_0047,yes,50,101,1,00:55:14,0,30,1,2023-06-16 00:00:00
48,42,16,in_progress,25,Course 42 Attempt 2,2024-01-14 05:00:00,0,CP_0048,no,25,101,1,00:31:20,0,30,2,2023-06-17 00:00:00
51,62,16,completed,100,Course 62 Attempt 1,2024-02-01 15:00:00,0,CP_0051,no,100,101,1,00:21:26,1,30,1,2023-05-20 00:00:00
54,94,17,completed,100,Course 94 Attempt 1,2024-01-08 00:00:00,0,CP_0054,yes,100,101,1,00:18:59,1,79,1,2023-06-30 00:00:00
55,35,18,in_progress,50,Course 35 Attempt 1,2024-01-04 00:00:00,0,CP_0055,no,50,102,1,00:13:46,0,43,1,2023-06-19 00:00:00
56,35,18,completed,100,Course 35 Attempt 2,2024-01-09 01:00:00,0,CP_0056,yes,100,102,1,00:11:26,1,43,2,2023-06-20 00:00:00
59,87,18,in_progress,25,Course 87 Attempt 1,2024-01-18 08:00:00,0,CP_0059,yes,25,102,1,00:24:58,0,43,1,2023-10-25 00:00:00
57,91,18,in_progress,50,Course 91 Attempt 1,2024-01-12 04:00:00,0,CP_0057,yes,50,102,1,00:15:30,0,43,1,2023-07-29 00:00:00
58,91,18,in_progress,75,Course 91 Attempt 2,2024-01-14 07:00:00,0,CP_0058,yes,75,102,1,00:27:32,0,43,2,2023-07-30 00:00:00
60,94,18,in_progress,75,Course 94 Attempt 1,2024-01-23 13:00:00,0,CP_0060,no,75,102,1,00:17:03,0,43,1,2023-10-16 00:00:00
61,68,19,in_progress,75,Course 68 Attempt 1,2024-01-05 00:00:00,0,CP_0061,yes,75,201,1,00:46:18,0,16,1,2023-01-10 00:00:00
62,63,20,in_progress,75,Course 63 Attempt 1,2024-01-09 00:00:00,0,CP_0062,yes,75,201,1,00:35:11,0,94,1,2023-07-15 00:00:00
63,66,20,pending,0,Course 66 Attempt 1,2024-01-18 05:00:00,0,CP_0063,yes,0,201,0,00:44:03,0,94,1,2023-04-15 00:00:00
66,5,21,in_progress,75,Course 5 Attempt 1,2024-01-19 10:00:00,0,CP_0066,no,75,101,1,00:35:43,0,54,1,2023-02-04 00:00:00
67,5,21,in_progress,50,Course 5 Attempt 2,2024-01-23 12:00:00,0,CP_0067,yes,50,101,1,00:25:42,0,54,2,2023-02-05 00:00:00
68,28,21,in_progress,50,Course 28 Attempt 1,2024-01-29 15:00:00,0,CP_0068,no,50,101,1,00:17:23,0,54,1,2023-04-01 00:00:00
69,28,21,completed,100,Course 28 Attempt 2,2024-01-30 19:00:00,0,CP_0069,no,100,101,1,00:44:22,1,54,2,2023-04-02 00:00:00
64,49,21,pending,0,Course 49 Attempt 1,2024-01-02 00:00:00,0,CP_0064,no,0,101,0,00:19:00,0,54,1,2023-03-20 00:00:00
65,49,21,completed,100,Course 49 Attempt 2,2024-01-10 05:00:00,0,CP_0065,no,100,101,1,00:37:15,1,54,2,2023-03-21 00:00:00
71,36,22,in_progress,50,Course 36 Attempt 2,2024-01-11 01:00:00,0,CP_0071,no,50,101,1,00:50:44,0,10,2,2023-06-22 00:00:00
70,36,22,completed,100,Course 36 Attempt 1,2024-01-05 00:00:00,0,CP_0070,no,100,101,1,00:50:11,1,10,1,2023-06-23 00:00:00
72,73,22,in_progress,50,Course 73 Attempt 1,2024-01-20 02:00:00,0,CP_0072,no,50,101,1,00:10:54,0,10,1,2023-01-07 00:00:00
73,78,23,in_progress,25,Course 78 Attempt 1,2024-01-05 00:00:00,0,CP_0073,yes,25,102,1,00:32:40,0,53,1,2023-05-25 00:00:00
74,12,24,in_progress,75,Course 12 Attempt 1,2024-01-04 00:00:00,0,CP_0074,no,75,201,1,00:51:45,0,24,1,2023-10-21 00:00:00
75,12,24,in_progress,75,Course 12 Attempt 2,2024-01-06 02:00:00,0,CP_0075,yes,75,201,1,00:54:06,0,24,2,2023-10-22 00:00:00
77,47,24,in_progress,75,Course 47 Attempt 1,2024-01-16 05:00:00,0,CP_0077,yes,75,201,1,00:33:13,0,24,1,2023-09-23 00:00:00
78,47,24,completed,100,Course 47 Attempt 2,2024-01-23 07:00:00,0,CP_0078,no,100,201,1,00:21:17,1,24,2,2023-09-24 00:00:00
76,67,24,in_progress,50,Course 67 Attempt 1,2024-01-08 03:00:00,0,CP_0076,yes,50,201,1,00:52:17,0,24,1,2023-09-06 00:00:00
79,27,25,in_progress,50,Course 27 Attempt 1,2024-01-09 00:00:00,0,CP_0079,no,50,201,1,00:24:14,0,69,1,2023-05-19 00:00:00
80,27,25,in_progress,50,Course 27 Attempt 2,2024-01-16 02:00:00,0,CP_0080,yes,50,201,1,00:37:14,0,69,2,2023-05-20 00:00:00
81,35,25,in_progress,50,Course 35 Attempt 1,2024-01-20 06:00:00,0,CP_0081,yes,50,201,1,00:11:29,0,69,1,2023-07-21 00:00:00
84,45,26,pending,0,Course 45 Attempt 1,2024-01-15 08:00:00,0,CP_0084,no,0,101,0,00:44:14,0,52,1,2023-04-18 00:00:00
82,50,26,in_progress,50,Course 50 Attempt 1,2024-01-09 00:00:00,0,CP_0082,yes,50,101,1,00:12:02,0,52,1,2023-04-23 00:00:00
83,81,26,in_progress,50,Course 81 Attempt 1,2024-01-13 03:00:00,0,CP_0083,no,50,101,1,00:44:10,0,52,1,2023-07-26 00:00:00
85,98,27,completed,100,Course 98 Attempt 1,2024-01-08 00:00:00,0,CP_0085,yes,100,101,1,00:29:45,1,46,1,2023-06-13 00:00:00
86,40,28,in_progress,25,Course 40 Attempt 1,2024-01-11 00:00:00,0,CP_0086,yes,25,102,1,00:32:08,0,64,1,2023-10-23 00:00:00
87,3,29,pending,0,Course 3 Attempt 1,2024-01-07 00:00:00,0,CP_0087,yes,0,201,0,00:52:44,0,48,1,2023-10-04 00:00:00
88,22,30,in_progress,75,Course 22 Attempt 1,2024-01-04 00:00:00,0,CP_0088,no,75,201,1,00:48:37,0,99,1,2023-01-23 00:00:00
89,22,30,in_progress,50,Course 22 Attempt 2,2024-01-06 05:00:00,0,CP_0089,yes,50,201,1,00:45:23,0,99,2,2023-01-24 00:00:00
90,32,30,pending,0,Course 32 Attempt 1,2024-01-13 07:00:00,0,CP_0090,no,0,201,0,00:24:17,0,99,1,2023-01-02 00:00:00
91,32,30,in_progress,25,Course 32 Attempt 2,2024-01-23 10:00:00,0,CP_0091,no,25,201,1,00:45:07,0,99,2,2023-01-03 00:00:00
92,94,30,in_progress,25,Course 94 Attempt 1,2024-01-26 14:00:00,0,CP_0092,yes,25,201,1,00:19:50,0,99,1,2023-06-01 00:00:00
93,94,30,completed,100,Course 94 Attempt 2,2024-02-03 19:00:00,0,CP_0093,no,100,201,1,00:22:51,1,99,2,2023-06-02 00:00:00
95,50,31,in_progress,75,Course 50 Attempt 1,2024-01-19 05:00:00,0,CP_0095,yes,75,101,1,00:47:15,0,85,1,2023-06-08 00:00:00
96,50,31,in_progress,75,Course 50 Attempt 2,2024-01-24 08:00:00,0,CP_0096,yes,75,101,1,00:46:54,0,85,2,2023-06-09 00:00:00
94,81,31,pending,0,Course 81 Attempt 1,2024-01-09 00:00:00,0,CP_0094,no,0,101,0,00:43:29,0,85,1,2023-05-29 00:00:00
97,9,32,in_progress,50,Course 9 Attempt 1,2024-01-09 00:00:00,0,CP_0097,no,50,101,1,00:27:47,0,14,1,2023-01-04 00:00:00
100,74,32,in_progress,25,Course 74 Attempt 1,2024-01-25 11:00:00,0,CP_0100,no,25,101,1,00:26:25,0,14,1,2023-01-02 00:00:00
101,85,32,in_progress,75,Course 85 Attempt 1,2024-02-01 14:00:00,0,CP_0101,yes,75,101,1,00:26:34,0,14,1,2023-03-17 00:00:00
98,89,32,completed,100,Course 89 Attempt 1,2024-01-12 04:00:00,0,CP_0098,no,100,101,1,00:40:04,1,14,1,2023-02-07 00:00:00
99,89,32,completed,100,Course 89 Attempt 2,2024-01-22 07:00:00,0,CP_0099,yes,100,101,1,00:51:24,1,14,2,2023-02-08 00:00:00
102,23,33,in_progress,25,Course 23 Attempt 1,2024-01-08 00:00:00,0,CP_0102,yes,25,102,1,00:19:34,0,71,1,2023-02-06 00:00:00
103,18,34,in_progress,75,Course 18 Attempt 1,2024-01-02 00:00:00,0,CP_0103,no,75,201,1,00:13:07,0,25,1,2023-01-10 00:00:00
105,8,35,pending,0,Course 8 Attempt 1,2024-01-15 03:00:00,0,CP_0105,no,0,201,0,00:51:37,0,78,1,2023-05-27 00:00:00
106,8,35,in_progress,50,Course 8 Attempt 2,2024-01-21 06:00:00,0,CP_0106,yes,50,201,1,00:50:19,0,78,2,2023-05-28 00:00:00
108,29,35,in_progress,75,Course 29 Attempt 1,2024-01-27 15:00:00,0,CP_0108,yes,75,201,1,00:44:06,0,78,1,2023-06-04 00:00:00
109,29,35,in_progress,50,Course 29 Attempt 2,2024-02-02 20:00:00,0,CP_0109,yes,50,201,1,00:51:04,0,78,2,2023-06-05 00:00:00
107,53,35,in_progress,25,Course 53 Attempt 1,2024-01-24 10:00:00,0,CP_0107,yes,25,201,1,00:44:46,0,78,1,2023-05-25 00:00:00
104,74,35,in_progress,25,Course 74 Attempt 1,2024-01-06 00:00:00,0,CP_0104,yes,25,201,1,00:38:52,0,78,1,2023-04-30 00:00:00
110,66,36,in_progress,25,Course 66 Attempt 1,2024-01-11 00:00:00,0,CP_0110,yes,25,101,1,00:22:25,0,29,1,2023-04-17 00:00:00
111,84,36,in_progress,75,Course 84 Attempt 1,2024-01-15 05:00:00,0,CP_0111,yes,75,101,1,00:28:23,0,29,1,2023-03-10 00:00:00
112,4,37,pending,0,Course 4 Attempt 1,2024-01-05 00:00:00,0,CP_0112,no,0,101,0,00:24:08,0,13,1,2023-02-26 00:00:00
114,79,37,pending,0,Course 79 Attempt 2,2024-01-15 08:00:00,0,CP_0114,no,0,101,0,00:52:38,0,13,2,2023-10-01 00:00:00
113,79,37,in_progress,25,Course 79 Attempt 1,2024-01-11 03:00:00,0,CP_0113,yes,25,101,1,00:31:41,0,13,1,2023-10-02 00:00:00
115,98,37,in_progress,50,Course 98 Attempt 1,2024-01-20 13:00:00,0,CP_0115,no,50,101,1,00:31:06,0,13,1,2023-04-27 00:00:00
116,72,38,in_progress,75,Course 72 Attempt 1,2024-01-03 00:00:00,0,CP_0116,yes,75,102,1,00:23:07,0,23,1,2023-02-09 00:00:00
117,79,38,in_progress,75,Course 79 Attempt 1,2024-01-10 02:00:00,0,CP_0117,yes,75,102,1,00:56:58,0,23,1,2023-09-21 00:00:00
122,19,39,in_progress,25,Course 19 Attempt 1,2024-01-14 15:00:00,0,CP_0122,no,25,201,1,00:44:01,0,93,1,2023-03-14 00:00:00
123,19,39,in_progress,50,Course 19 Attempt 2,2024-01-19 17:00:00,0,CP_0123,yes,50,201,1,00:56:06,0,93,2,2023-03-15 00:00:00
119,20,39,pending,0,Course 20 Attempt 1,2024-01-09 03:00:00,0,CP_0119,yes,0,201,0,00:49:39,0,93,1,2023-02-01 00:00:00
118,22,39,in_progress,75,Course 22 Attempt 1,2024-01-02 00:00:00,0,CP_0118,no,75,201,1,00:39:25,0,93,1,2023-08-16 00:00:00
120,100,39,in_progress,75,Course 100 Attempt 1,2024-01-11 06:00:00,0,CP_0120,no,75,201,1,00:29:21,0,93,1,2023-07-27 00:00:00
121,100,39,in_progress,25,Course 100 Attempt 2,2024-01-12 10:00:00,0,CP_0121,yes,25,201,1,00:39:48,0,93,2,2023-07-28 00:00:00
128,2,40,in_progress,50,Course 2 Attempt 1,2024-01-26 12:00:00,0,CP_0128,no,50,201,1,00:59:19,0,1,1,2023-03-19 00:00:00
127,19,40,pending,0,Course 19 Attempt 2,2024-01-20 08:00:00,0,CP_0127,yes,0,201,0,00:28:34,0,1,2,2023-04-28 00:00:00
126,19,40,in_progress,50,Course 19 Attempt 1,2024-01-19 06:00:00,0,CP_0126,yes,50,201,1,00:28:45,0,1,1,2023-04-29 00:00:00
125,55,40,pending,0,Course 55 Attempt 1,2024-01-17 03:00:00,0,CP_0125,no,0,201,0,00:36:08,0,1,1,2023-04-29 00:00:00
124,80,40,in_progress,50,Course 80 Attempt 1,2024-01-11 00:00:00,0,CP_0124,no,50,201,1,00:37:55,0,1,1,2023-03-25 00:00:00
129,22,41,in_progress,50,Course 22 Attempt 1,2024-01-10 00:00:00,0,CP_0129,no,50,101,1,00:15:14,0,44,1,2023-10-25 00:00:00
130,23,41,in_progress,75,Course 23 Attempt 1,2024-01-16 01:00:00,0,CP_0130,yes,75,101,1,00:37:45,0,44,1,2023-09-13 00:00:00
131,59,41,in_progress,25,Course 59 Attempt 1,2024-01-19 06:00:00,0,CP_0131,no,25,101,1,00:35:30,0,44,1,2023-03-08 00:00:00
133,1,42,completed,100,Course 1 Attempt 1,2024-01-10 05:00:00,0,CP_0133,yes,100,101,1,00:17:56,1,57,1,2023-02-06 00:00:00
134,6,42,pending,0,Course 6 Attempt 1,2024-01-20 07:00:00,0,CP_0134,yes,0,101,0,00:45:14,0,57,1,2023-10-17 00:00:00
132,52,42,in_progress,50,Course 52 Attempt 1,2024-01-06 00:00:00,0,CP_0132,yes,50,101,1,00:43:15,0,57,1,2023-02-18 00:00:00
135,23,43,pending,0,Course 23 Attempt 1,2024-01-10 00:00:00,0,CP_0135,yes,0,102,0,00:12:53,0,90,1,2023-07-03 00:00:00
136,23,43,in_progress,50,Course 23 Attempt 2,2024-01-11 05:00:00,0,CP_0136,yes,50,102,1,00:48:59,0,90,2,2023-07-04 00:00:00
140,67,43,in_progress,25,Course 67 Attempt 1,2024-01-28 14:00:00,0,CP_0140,no,25,102,1,00:19:01,0,90,1,2023-06-30 00:00:00
137,73,43,in_progress,50,Course 73 Attempt 1,2024-01-13 08:00:00,0,CP_0137,no,50,102,1,00:40:59,0,90,1,2023-01-17 00:00:00
138,73,43,completed,100,Course 73 Attempt 2,2024-01-19 09:00:00,0,CP_0138,yes,100,102,1,00:32:08,1,90,2,2023-01-18 00:00:00
139,87,43,pending,0,Course 87 Attempt 1,2024-01-25 11:00:00,0,CP_0139,yes,0,102,0,00:38:18,0,90,1,2023-09-05 00:00:00
142,15,44,in_progress,25,Course 15 Attempt 2,2024-01-11 01:00:00,0,CP_0142,no,25,201,1,00:12:59,0,15,2,2023-07-09 00:00:00
141,15,44,completed,100,Course 15 Attempt 1,2024-01-03 00:00:00,0,CP_0141,no,100,201,1,00:20:19,1,15,1,2023-07-10 00:00:00
143,29,45,in_progress,50,Course 29 Attempt 1,2024-01-05 00:00:00,0,CP_0143,yes,50,201,1,00:34:55,0,49,1,2023-09-16 00:00:00
144,29,45,in_progress,25,Course 29 Attempt 2,2024-01-08 05:00:00,0,CP_0144,yes,25,201,1,00:50:01,0,49,2,2023-09-17 00:00:00
145,23,46,in_progress,75,Course 23 Attempt 1,2024-01-09 00:00:00,0,CP_0145,yes,75,101,1,00:45:52,0,11,1,2023-02-07 00:00:00
148,51,46,in_progress,75,Course 51 Attempt 1,2024-01-28 07:00:00,0,CP_0148,yes,75,101,1,00:38:13,0,11,1,2023-02-12 00:00:00
149,51,46,in_progress,75,Course 51 Attempt 2,2024-02-02 09:00:00,0,CP_0149,yes,75,101,1,00:19:09,0,11,2,2023-02-13 00:00:00
146,52,46,in_progress,75,Course 52 Attempt 1,2024-01-15 04:00:00,0,CP_0146,no,75,101,1,00:34:26,0,11,1,2023-03-02 00:00:00
147,60,46,in_progress,75,Course 60 Attempt 1,2024-01-19 05:00:00,0,CP_0147,no,75,101,1,00:34:53,0,11,1,2023-06-25 00:00:00
154,69,47,completed,100,Course 69 Attempt 1,2024-01-11 16:00:00,0,CP_0154,yes,100,101,1,00:15:05,1,86,1,2023-03-11 00:00:00
153,72,47,in_progress,50,Course 72 Attempt 2,2024-01-09 12:00:00,0,CP_0153,no,50,101,1,00:13:18,0,86,2,2023-07-30 00:00:00
152,72,47,completed,100,Course 72 Attempt 1,2024-01-06 08:00:00,0,CP_0152,yes,100,101,1,00:29:33,1,86,1,2023-07-31 00:00:00
150,81,47,in_progress,25,Course 81 Attempt 1,2024-01-02 00:00:00,0,CP_0150,yes,25,101,1,00:41:45,0,86,1,2023-02-26 00:00:00
151,81,47,in_progress,25,Course 81 Attempt 2,2024-01-03 03:00:00,0,CP_0151,yes,25,101,1,00:28:00,0,86,2,2023-02-27 00:00:00
160,19,48,in_progress,25,Course 19 Attempt 1,2024-01-31 17:00:00,0,CP_0160,yes,25,102,1,00:12:39,0,17,1,2023-03-30 00:00:00
161,19,48,in_progress,25,Course 19 Attempt 2,2024-02-01 19:00:00,0,CP_0161,no,25,102,1,00:42:48,0,17,2,2023-03-31 00:00:00
158,36,48,in_progress,50,Course 36 Attempt 1,2024-01-21 15:00:00,0,CP_0158,no,50,102,1,00:26:12,0,17,1,2023-01-18 00:00:00
159,36,48,in_progress,50,Course 36 Attempt 2,2024-01-25 16:00:00,0,CP_0159,yes,50,102,1,00:36:14,0,17,2,2023-01-19 00:00:00
156,54,48,completed,100,Course 54 Attempt 1,2024-01-12 05:00:00,0,CP_0156,yes,100,102,1,00:56:52,1,17,1,2023-08-09 00:00:00
157,54,48,completed,100,Course 54 Attempt 2,2024-01-17 10:00:00,0,CP_0157,no,100,102,1,00:50:58,1,17,2,2023-08-10 00:00:00
155,69,48,in_progress,50,Course 69 Attempt 1,2024-01-04 00:00:00,0,CP_0155,no,50,102,1,00:24:48,0,17,1,2023-09-26 00:00:00
165,27,49,in_progress,75,Course 27 Attempt 1,2024-01-26 04:00:00,0,CP_0165,no,75,201,1,00:24:12,0,50,1,2023-08-01 00:00:00
164,71,49,in_progress,50,Course 71 Attempt 1,2024-01-16 03:00:00,0,CP_0164,no,50,201,1,00:15:40,0,50,1,2023-06-21 00:00:00
166,99,49,in_progress,50,Course 99 Attempt 1,2024-01-29 05:00:00,0,CP_0166,yes,50,201,1,00:27:06,0,50,1,2023-08-22 00:00:00
163,100,49,in_progress,75,Course 100 Attempt 2,2024-01-11 01:00:00,0,CP_0163,yes,75,201,1,00:27:39,0,50,2,2023-01-05 00:00:00
162,100,49,completed,100,Course 100 Attempt 1,2024-01-05 00:00:00,0,CP_0162,yes,100,201,1,00:25:31,1,50,1,2023-01-06 00:00:00
169,35,50,in_progress,50,Course 35 Attempt 1,2024-01-15 04:00:00,0,CP_0169,no,50,201,1,00:31:17,0,70,1,2023-02-08 00:00:00
167,88,50,in_progress,50,Course 88 Attempt 1,2024-01-09 00:00:00,0,CP_0167,no,50,201,1,00:15:36,0,70,1,2023-01-20 00:00:00
168,88,50,completed,100,Course 88 Attempt 2,2024-01-13 03:00:00,0,CP_0168,no,100,201,1,00:44:15,1,70,2,2023-01-21 00:00:00
172,8,51,in_progress,25,Course 8 Attempt 1,2024-01-21 03:00:00,0,CP_0172,no,25,101,1,00:50:39,0,63,1,2023-01-15 00:00:00
173,8,51,in_progress,25,Course 8 Attempt 2,2024-01-28 06:00:00,0,CP_0173,no,25,101,1,00:59:41,0,63,2,2023-01-16 00:00:00
170,16,51,in_progress,25,Course 16 Attempt 1,2024-01-05 00:00:00,0,CP_0170,no,25,101,1,00:19:19,0,63,1,2023-02-27 00:00:00
171,36,51,completed,100,Course 36 Attempt 1,2024-01-12 02:00:00,0,CP_0171,yes,100,101,1,00:37:39,1,63,1,2023-04-19 00:00:00
174,33,52,in_progress,75,Course 33 Attempt 1,2024-01-10 00:00:00,0,CP_0174,no,75,101,1,00:31:47,0,72,1,2023-10-24 00:00:00
176,36,52,in_progress,75,Course 36 Attempt 1,2024-01-25 10:00:00,0,CP_0176,yes,75,101,1,00:42:05,0,72,1,2023-02-06 00:00:00
177,36,52,in_progress,75,Course 36 Attempt 2,2024-01-31 13:00:00,0,CP_0177,no,75,101,1,00:46:30,0,72,2,2023-02-07 00:00:00
175,88,52,in_progress,50,Course 88 Attempt 1,2024-01-16 05:00:00,0,CP_0175,no,50,101,1,00:41:35,0,72,1,2023-06-13 00:00:00
178,97,52,completed,100,Course 97 Attempt 1,2024-02-02 16:00:00,0,CP_0178,no,100,101,1,00:10:01,1,72,1,2023-03-11 00:00:00
180,12,53,in_progress,25,Course 12 Attempt 2,2024-01-16 03:00:00,0,CP_0180,no,25,102,1,00:35:46,0,18,2,2023-01-14 00:00:00
179,12,53,completed,100,Course 12 Attempt 1,2024-01-07 00:00:00,0,CP_0179,yes,100,102,1,00:10:10,1,18,1,2023-01-15 00:00:00
182,81,54,completed,100,Course 81 Attempt 1,2024-01-12 01:00:00,0,CP_0182,yes,100,201,1,00:17:36,1,55,1,2023-03-10 00:00:00
181,88,54,in_progress,75,Course 88 Attempt 1,2024-01-07 00:00:00,0,CP_0181,no,75,201,1,00:28:38,0,55,1,2023-03-02 00:00:00
183,6,55,in_progress,75,Course 6 Attempt 1,2024-01-11 00:00:00,0,CP_0183,yes,75,201,1,00:30:15,0,5,1,2023-03-06 00:00:00
184,6,55,in_progress,75,Course 6 Attempt 2,2024-01-12 05:00:00,0,CP_0184,yes,75,201,1,00:52:48,0,5,2,2023-03-07 00:00:00
185,92,55,in_progress,75,Course 92 Attempt 1,2024-01-19 06:00:00,0,CP_0185,no,75,201,1,00:25:56,0,5,1,2023-06-06 00:00:00
186,92,55,in_progress,50,Course 92 Attempt 2,2024-01-20 10:00:00,0,CP_0186,yes,50,201,1,00:53:47,0,5,2,2023-06-07 00:00:00
189,3,56,pending,0,Course 3 Attempt 1,2024-01-15 10:00:00,0,CP_0189,no,0,101,0,00:24:53,0,4,1,2023-09-12 00:00:00
190,3,56,in_progress,75,Course 3 Attempt 2,2024-01-17 14:00:00,0,CP_0190,yes,75,101,1,00:14:21,0,4,2,2023-09-13 00:00:00
191,39,56,in_progress,50,Course 39 Attempt 1,2024-01-24 17:00:00,0,CP_0191,no,50,101,1,00:16:07,0,4,1,2023-03-23 00:00:00
192,39,56,in_progress,75,Course 39 Attempt 2,2024-01-27 18:00:00,0,CP_0192,yes,75,101,1,00:49:53,0,4,2,2023-03-24 00:00:00
187,94,56,pending,0,Course 94 Attempt 1,2024-01-02 00:00:00,0,CP_0187,yes,0,101,0,00:43:59,0,4,1,2023-08-16 00:00:00
188,94,56,in_progress,25,Course 94 Attempt 2,2024-01-09 05:00:00,0,CP_0188,no,25,101,1,00:45:05,0,4,2,2023-08-17 00:00:00
193,23,57,in_progress,50,Course 23 Attempt 1,2024-01-09 00:00:00,0,CP_0193,yes,50,101,1,00:31:52,0,96,1,2023-08-26 00:00:00
194,34,57,in_progress,25,Course 34 Attempt 1,2024-01-18 04:00:00,0,CP_0194,no,25,101,1,00:30:23,0,96,1,2023-02-15 00:00:00
195,34,57,in_progress,75,Course 34 Attempt 2,2024-01-24 06:00:00,0,CP_0195,no,75,101,1,00:57:36,0,96,2,2023-02-16 00:00:00
196,50,58,in_progress,75,Course 50 Attempt 1,2024-01-11 00:00:00,0,CP_0196,yes,75,102,1,00:40:23,0,42,1,2023-10-07 00:00:00
198,2,59,in_progress,50,Course 2 Attempt 1,2024-01-16 04:00:00,0,CP_0198,no,50,201,1,00:54:47,0,47,1,2023-05-06 00:00:00
197,13,59,in_progress,75,Course 13 Attempt 1,2024-01-09 00:00:00,0,CP_0197,yes,75,201,1,00:55:30,0,47,1,2023-02-24 00:00:00
204,11,60,in_progress,75,Course 11 Attempt 1,2024-02-07 14:00:00,0,CP_0204,yes,75,201,1,00:14:27,0,67,1,2023-04-02 00:00:00
201,68,60,pending,0,Course 68 Attempt 1,2024-01-17 08:00:00,0,CP_0201,yes,0,201,0,00:20:34,0,67,1,2023-02-06 00:00:00
202,69,60,in_progress,50,Course 69 Attempt 1,2024-01-25 11:00:00,0,CP_0202,yes,50,201,1,00:54:05,0,67,1,2023-03-21 00:00:00
203,69,60,in_progress,50,Course 69 Attempt 2,2024-02-01 13:00:00,0,CP_0203,yes,50,201,1,00:23:54,0,67,2,2023-03-22 00:00:00
199,99,60,in_progress,75,Course 99 Attempt 1,2024-01-07 00:00:00,0,CP_0199,yes,75,201,1,00:44:23,0,67,1,2023-10-26 00:00:00
200,99,60,in_progress,50,Course 99 Attempt 2,2024-01-13 05:00:00,0,CP_0200,no,50,201,1,00:13:02,0,67,2,2023-10-27 00:00:00
208,46,61,in_progress,25,Course 46 Attempt 1,2024-01-15 08:00:00,0,CP_0208,yes,25,101,1,00:33:05,0,95,1,2023-07-05 00:00:00
209,83,61,in_progress,50,Course 83 Attempt 1,2024-01-16 10:00:00,0,CP_0209,no,50,101,1,00:22:53,0,95,1,2023-10-26 00:00:00
210,83,61,in_progress,25,Course 83 Attempt 2,2024-01-18 13:00:00,0,CP_0210,yes,25,101,1,00:36:46,0,95,2,2023-10-27 00:00:00
205,86,61,in_progress,75,Course 86 Attempt 1,2024-01-02 00:00:00,0,CP_0205,yes,75,101,1,00:26:16,0,95,1,2023-05-06 00:00:00
206,86,61,completed,100,Course 86 Attempt 2,2024-01-06 03:00:00,0,CP_0206,yes,100,101,1,00:21:02,1,95,2,2023-05-07 00:00:00
207,97,61,in_progress,50,Course 97 Attempt 1,2024-01-11 05:00:00,0,CP_0207,yes,50,101,1,00:54:59,0,95,1,2023-08-08 00:00:00
213,11,62,in_progress,25,Course 11 Attempt 1,2024-01-04 04:00:00,0,CP_0213,yes,25,101,1,00:19:12,0,9,1,2023-07-04 00:00:00
212,52,62,in_progress,50,Course 52 Attempt 1,2024-01-03 02:00:00,0,CP_0212,no,50,101,1,00:26:20,0,9,1,2023-06-18 00:00:00
211,73,62,completed,100,Course 73 Attempt 1,2024-01-02 00:00:00,0,CP_0211,no,100,101,1,00:30:18,1,9,1,2023-04-22 00:00:00
214,10,63,pending,0,Course 10 Attempt 1,2024-01-05 00:00:00,0,CP_0214,no,0,102,0,00:57:49,0,56,1,2023-01-24 00:00:00
215,10,63,completed,100,Course 10 Attempt 2,2024-01-09 01:00:00,0,CP_0215,no,100,102,1,00:56:13,1,56,2,2023-01-25 00:00:00
218,22,63,in_progress,75,Course 22 Attempt 1,2024-01-29 10:00:00,0,CP_0218,no,75,102,1,00:48:57,0,56,1,2023-06-30 00:00:00
216,37,63,in_progress,75,Course 37 Attempt 1,2024-01-18 02:00:00,0,CP_0216,yes,75,102,1,00:32:04,0,56,1,2023-03-03 00:00:00
217,37,63,in_progress,25,Course 37 Attempt 2,2024-01-20 05:00:00,0,CP_0217,no,25,102,1,00:24:40,0,56,2,2023-03-04 00:00:00
219,61,64,completed,100,Course 61 Attempt 1,2024-01-03 00:00:00,0,CP_0219,no,100,201,1,00:51:13,1,51,1,2023-07-26 00:00:00
221,50,65,pending,0,Course 50 Attempt 2,2024-01-10 01:00:00,0,CP_0221,yes,0,201,0,00:21:40,0,12,2,2023-08-08 00:00:00
220,50,65,completed,100,Course 50 Attempt 1,2024-01-09 00:00:00,0,CP_0220,no,100,201,1,00:15:51,1,12,1,2023-08-09 00:00:00
222,17,66,in_progress,50,Course 17 Attempt 1,2024-01-04 00:00:00,0,CP_0222,yes,50,101,1,00:26:41,0,6,1,2023-02-09 00:00:00
223,17,66,completed,100,Course 17 Attempt 2,2024-01-07 04:00:00,0,CP_0223,yes,100,101,1,00:27:33,1,6,2,2023-02-10 00:00:00
226,62,66,completed,100,Course 62 Attempt 1,2024-02-04 14:00:00,0,CP_0226,no,100,101,1,00:42:04,1,6,1,2023-03-28 00:00:00
225,94,66,in_progress,75,Course 94 Attempt 2,2024-01-25 11:00:00,0,CP_0225,yes,75,101,1,00:39:34,0,6,2,2023-04-20 00:00:00
224,94,66,completed,100,Course 94 Attempt 1,2024-01-16 09:00:00,0,CP_0224,no,100,101,1,00:15:17,1,6,1,2023-04-21 00:00:00
227,49,67,in_progress,50,Course 49 Attempt 1,2024-01-06 00:00:00,0,CP_0227,yes,50,101,1,00:41:44,0,2,1,2023-06-27 00:00:00
228,49,67,in_progress,50,Course 49 Attempt 2,2024-01-08 02:00:00,0,CP_0228,yes,50,101,1,00:43:38,0,2,2,2023-06-28 00:00:00
229,73,67,in_progress,75,Course 73 Attempt 1,2024-01-12 05:00:00,0,CP_0229,no,75,101,1,00:57:08,0,2,1,2023-07-27 00:00:00
230,73,67,in_progress,50,Course 73 Attempt 2,2024-01-21 08:00:00,0,CP_0230,yes,50,101,1,00:32:18,0,2,2,2023-07-28 00:00:00
233,92,67,in_progress,50,Course 92 Attempt 1,2024-02-09 17:00:00,0,CP_0233,yes,50,101,1,00:56:18,0,2,1,2023-09-13 00:00:00
231,95,67,in_progress,25,Course 95 Attempt 1,2024-01-27 10:00:00,0,CP_0231,yes,25,101,1,00:26:17,0,2,1,2023-09-05 00:00:00
232,95,67,in_progress,50,Course 95 Attempt 2,2024-02-04 12:00:00,0,CP_0232,no,50,101,1,00:22:32,0,2,2,2023-09-06 00:00:00
234,39,68,in_progress,50,Course 39 Attempt 1,2024-01-05 00:00:00,0,CP_0234,yes,50,102,1,00:36:04,0,38,1,2023-08-28 00:00:00
235,12,69,in_progress,75,Course 12 Attempt 1,2024-01-08 00:00:00,0,CP_0235,yes,75,201,1,00:56:14,0,83,1,2023-03-19 00:00:00
238,18,69,pending,0,Course 18 Attempt 1,2024-01-24 08:00:00,0,CP_0238,no,0,201,0,00:56:13,0,83,1,2023-08-17 00:00:00
239,18,69,pending,0,Course 18 Attempt 2,2024-01-25 12:00:00,0,CP_0239,yes,0,201,0,00:40:18,0,83,2,2023-08-18 00:00:00
236,56,69,pending,0,Course 56 Attempt 1,2024-01-14 03:00:00,0,CP_0236,yes,0,201,0,00:31:22,0,83,1,2023-03-24 00:00:00
237,56,69,completed,100,Course 56 Attempt 2,2024-01-22 07:00:00,0,CP_0237,yes,100,201,1,00:14:25,1,83,2,2023-03-25 00:00:00
240,62,69,in_progress,50,Course 62 Attempt 1,2024-02-04 15:00:00,0,CP_0240,no,50,201,1,00:20:26,0,83,1,2023-08-30 00:00:00
241,62,69,in_progress,75,Course 62 Attempt 2,2024-02-11 18:00:00,0,CP_0241,yes,75,201,1,00:33:13,0,83,2,2023-08-31 00:00:00
247,23,70,in_progress,50,Course 23 Attempt 2,2024-02-09 16:00:00,0,CP_0247,no,50,201,1,00:22:17,0,41,2,2023-08-29 00:00:00
246,23,70,completed,100,Course 23 Attempt 1,2024-02-01 12:00:00,0,CP_0246,no,100,201,1,00:15:53,1,41,1,2023-08-30 00:00:00
242,25,70,in_progress,25,Course 25 Attempt 1,2024-01-06 00:00:00,0,CP_0242,no,25,201,1,00:41:38,0,41,1,2023-07-01 00:00:00
243,63,70,in_progress,75,Course 63 Attempt 1,2024-01-15 04:00:00,0,CP_0243,yes,75,201,1,00:36:07,0,41,1,2023-03-14 00:00:00
244,63,70,in_progress,75,Course 63 Attempt 2,2024-01-24 05:00:00,0,CP_0244,no,75,201,1,00:29:31,0,41,2,2023-03-15 00:00:00
245,91,70,in_progress,50,Course 91 Attempt 1,2024-01-29 09:00:00,0,CP_0245,yes,50,201,1,00:41:46,0,41,1,2023-03-20 00:00:00
250,17,71,pending,0,Course 17 Attempt 1,2024-01-29 08:00:00,0,CP_0250,yes,0,101,0,00:37:25,0,89,1,2023-09-16 00:00:00
251,17,71,completed,100,Course 17 Attempt 2,2024-02-05 10:00:00,0,CP_0251,no,100,101,1,00:25:05,1,89,2,2023-09-17 00:00:00
248,90,71,in_progress,25,Course 90 Attempt 1,2024-01-11 00:00:00,0,CP_0248,no,25,101,1,00:18:02,0,89,1,2023-06-26 00:00:00
249,90,71,in_progress,25,Course 90 Attempt 2,2024-01-21 05:00:00,0,CP_0249,no,25,101,1,00:46:58,0,89,2,2023-06-27 00:00:00
252,17,72,in_progress,25,Course 17 Attempt 1,2024-01-04 00:00:00,0,CP_0252,no,25,101,1,00:10:48,0,76,1,2023-01-25 00:00:00
253,28,73,in_progress,25,Course 28 Attempt 1,2024-01-06 00:00:00,0,CP_0253,yes,25,102,1,00:25:43,0,91,1,2023-06-19 00:00:00
254,79,73,pending,0,Course 79 Attempt 1,2024-01-15 05:00:00,0,CP_0254,no,0,102,0,00:50:08,0,91,1,2023-06-28 00:00:00
255,88,73,in_progress,75,Course 88 Attempt 1,2024-01-22 09:00:00,0,CP_0255,no,75,102,1,00:35:54,0,91,1,2023-03-11 00:00:00
256,63,74,in_progress,75,Course 63 Attempt 1,2024-01-10 00:00:00,0,CP_0256,no,75,201,1,00:49:24,0,32,1,2023-08-14 00:00:00
257,83,74,in_progress,50,Course 83 Attempt 1,2024-01-13 02:00:00,0,CP_0257,yes,50,201,1,00:38:10,0,32,1,2023-04-27 00:00:00
258,13,75,in_progress,75,Course 13 Attempt 1,2024-01-08 00:00:00,0,CP_0258,no,75,201,1,00:47:07,0,87,1,2023-09-21 00:00:00
259,46,75,in_progress,50,Course 46 Attempt 1,2024-01-12 02:00:00,0,CP_0259,no,50,201,1,00:30:53,0,87,1,2023-08-23 00:00:00
260,19,76,in_progress,75,Course 19 Attempt 1,2024-01-04 00:00:00,0,CP_0260,no,75,101,1,00:43:05,0,33,1,2023-05-21 00:00:00
262,45,76,pending,0,Course 45 Attempt 2,2024-01-15 03:00:00,0,CP_0262,no,0,101,0,00:33:22,0,33,2,2023-04-29 00:00:00
261,45,76,completed,100,Course 45 Attempt 1,2024-01-08 02:00:00,0,CP_0261,no,100,101,1,00:12:21,1,33,1,2023-04-30 00:00:00
267,54,77,in_progress,25,Course 54 Attempt 1,2024-01-30 09:00:00,0,CP_0267,yes,25,101,1,00:40:26,0,26,1,2023-08-30 00:00:00
268,54,77,completed,100,Course 54 Attempt 2,2024-02-06 11:00:00,0,CP_0268,yes,100,101,1,00:48:28,1,26,2,2023-08-31 00:00:00
263,62,77,in_progress,75,Course 62 Attempt 1,2024-01-04 00:00:00,0,CP_0263,yes,75,101,1,00:46:35,0,26,1,2023-06-06 00:00:00
264,91,77,completed,100,Course 91 Attempt 1,2024-01-13 01:00:00,0,CP_0264,no,100,101,1,00:42:42,1,26,1,2023-08-11 00:00:00
265,100,77,in_progress,25,Course 100 Attempt 1,2024-01-20 06:00:00,0,CP_0265,yes,25,101,1,00:49:09,0,26,1,2023-09-14 00:00:00
266,100,77,in_progress,50,Course 100 Attempt 2,2024-01-27 08:00:00,0,CP_0266,yes,50,101,1,00:53:39,0,26,2,2023-09-15 00:00:00
271,53,78,in_progress,50,Course 53 Attempt 1,2024-01-20 03:00:00,0,CP_0271,no,50,102,1,00:36:53,0,3,1,2023-10-20 00:00:00
270,62,78,pending,0,Course 62 Attempt 1,2024-01-16 02:00:00,0,CP_0270,no,0,102,0,00:19:20,0,3,1,2023-06-17 00:00:00
269,79,78,in_progress,25,Course 79 Attempt 1,2024-01-08 00:00:00,0,CP_0269,no,25,102,1,00:36:58,0,3,1,2023-07-24 00:00:00
276,41,79,in_progress,50,Course 41 Attempt 1,2024-02-02 12:00:00,0,CP_0276,no,50,201,1,00:23:01,0,73,1,2023-01-22 00:00:00
277,41,79,completed,100,Course 41 Attempt 2,2024-02-06 16:00:00,0,CP_0277,no,100,201,1,00:51:31,1,73,2,2023-01-23 00:00:00
274,54,79,completed,100,Course 54 Attempt 1,2024-01-19 05:00:00,0,CP_0274,yes,100,201,1,00:56:08,1,73,1,2023-10-22 00:00:00
275,54,79,completed,100,Course 54 Attempt 2,2024-01-26 10:00:00,0,CP_0275,no,100,201,1,00:11:35,1,73,2,2023-10-23 00:00:00
272,61,79,in_progress,75,Course 61 Attempt 1,2024-01-10 00:00:00,0,CP_0272,no,75,201,1,00:51:28,0,73,1,2023-05-12 00:00:00
273,72,79,completed,100,Course 72 Attempt 1,2024-01-12 04:00:00,0,CP_0273,no,100,201,1,00:45:00,1,73,1,2023-02-19 00:00:00
278,4,80,in_progress,75,Course 4 Attempt 1,2024-01-06 00:00:00,0,CP_0278,no,75,201,1,00:24:39,0,98,1,2023-02-02 00:00:00
279,4,80,completed,100,Course 4 Attempt 2,2024-01-13 01:00:00,0,CP_0279,no,100,201,1,00:55:48,1,98,2,2023-02-03 00:00:00
282,80,80,in_progress,50,Course 80 Attempt 1,2024-01-27 09:00:00,0,CP_0282,yes,50,201,1,00:37:40,0,98,1,2023-07-27 00:00:00
283,80,80,in_progress,75,Course 80 Attempt 2,2024-02-05 14:00:00,0,CP_0283,no,75,201,1,00:22:17,0,98,2,2023-07-28 00:00:00
281,82,80,in_progress,75,Course 82 Attempt 2,2024-01-22 05:00:00,0,CP_0281,no,75,201,1,00:30:02,0,98,2,2023-06-24 00:00:00
280,82,80,completed,100,Course 82 Attempt 1,2024-01-17 02:00:00,0,CP_0280,yes,100,201,1,00:29:30,1,98,1,2023-06-25 00:00:00
286,23,81,pending,0,Course 23 Attempt 1,2024-01-16 07:00:00,0,CP_0286,yes,0,101,0,00:13:57,0,74,1,2023-01-24 00:00:00
287,23,81,in_progress,25,Course 23 Attempt 2,2024-01-17 11:00:00,0,CP_0287,no,25,101,1,00:15:06,0,74,2,2023-01-25 00:00:00
291,57,81,in_progress,75,Course 57 Attempt 2,2024-02-06 00:00:00,0,CP_0291,yes,75,101,1,00:11:11,0,74,2,2023-04-11 00:00:00
290,57,81,completed,100,Course 57 Attempt 1,2024-02-04 21:00:00,0,CP_0290,yes,100,101,1,00:15:33,1,74,1,2023-04-12 00:00:00
288,65,81,in_progress,50,Course 65 Attempt 1,2024-01-27 14:00:00,0,CP_0288,yes,50,101,1,00:58:36,0,74,1,2023-08-12 00:00:00
289,65,81,completed,100,Course 65 Attempt 2,2024-01-29 17:00:00,0,CP_0289,no,100,101,1,00:53:49,1,74,2,2023-08-13 00:00:00
284,93,81,in_progress,50,Course 93 Attempt 1,2024-01-03 00:00:00,0,CP_0284,no,50,101,1,00:46:46,0,74,1,2023-03-23 00:00:00
285,93,81,completed,100,Course 93 Attempt 2,2024-01-08 03:00:00,0,CP_0285,yes,100,101,1,00:34:12,1,74,2,2023-03-24 00:00:00
292,87,82,pending,0,Course 87 Attempt 1,2024-01-11 00:00:00,0,CP_0292,yes,0,101,0,00:59:19,0,8,1,2023-08-12 00:00:00
294,42,83,in_progress,50,Course 42 Attempt 1,2024-01-08 03:00:00,0,CP_0294,no,50,102,1,00:10:51,0,36,1,2023-03-26 00:00:00
293,76,83,in_progress,50,Course 76 Attempt 1,2024-01-05 00:00:00,0,CP_0293,yes,50,102,1,00:53:07,0,36,1,2023-08-01 00:00:00
295,82,84,in_progress,75,Course 82 Attempt 1,2024-01-04 00:00:00,0,CP_0295,no,75,201,1,00:22:06,0,97,1,2023-02-26 00:00:00
296,82,84,completed,100,Course 82 Attempt 2,2024-01-11 01:00:00,0,CP_0296,yes,100,201,1,00:32:15,1,97,2,2023-02-27 00:00:00
299,3,85,completed,100,Course 3 Attempt 1,2024-01-20 07:00:00,0,CP_0299,no,100,201,1,00:43:10,1,35,1,2023-03-25 00:00:00
300,3,85,completed,100,Course 3 Attempt 2,2024-01-28 10:00:00,0,CP_0300,no,100,201,1,00:16:22,1,35,2,2023-03-26 00:00:00
301,64,85,in_progress,25,Course 64 Attempt 1,2024-02-05 12:00:00,0,CP_0301,no,25,201,1,00:18:02,0,35,1,2023-03-17 00:00:00
297,66,85,pending,0,Course 66 Attempt 1,2024-01-10 00:00:00,0,CP_0297,no,0,201,0,00:47:41,0,35,1,2023-01-02 00:00:00
298,66,85,completed,100,Course 66 Attempt 2,2024-01-11 03:00:00,0,CP_0298,yes,100,201,1,00:53:38,1,35,2,2023-01-03 00:00:00
303,11,86,in_progress,25,Course 11 Attempt 1,2024-01-06 05:00:00,0,CP_0303,yes,25,101,1,00:44:48,0,65,1,2023-06-17 00:00:00
304,11,86,completed,100,Course 11 Attempt 2,2024-01-07 09:00:00,0,CP_0304,no,100,101,1,00:25:15,1,65,2,2023-06-18 00:00:00
307,45,86,completed,100,Course 45 Attempt 1,2024-01-18 18:00:00,0,CP_0307,no,100,101,1,00:38:09,1,65,1,2023-07-02 00:00:00
302,50,86,in_progress,75,Course 50 Attempt 1,2024-01-03 00:00:00,0,CP_0302,no,75,101,1,00:49:35,0,65,1,2023-08-29 00:00:00
305,52,86,in_progress,25,Course 52 Attempt 1,2024-01-12 14:00:00,0,CP_0305,no,25,101,1,00:31:42,0,65,1,2023-10-04 00:00:00
306,52,86,in_progress,50,Course 52 Attempt 2,2024-01-15 17:00:00,0,CP_0306,no,50,101,1,00:33:06,0,65,2,2023-10-05 00:00:00
308,63,87,in_progress,75,Course 63 Attempt 1,2024-01-08 00:00:00,0,CP_0308,no,75,101,1,00:35:58,0,68,1,2023-07-11 00:00:00
309,63,87,in_progress,75,Course 63 Attempt 2,2024-01-09 01:00:00,0,CP_0309,yes,75,101,1,00:39:20,0,68,2,2023-07-12 00:00:00
310,8,88,in_progress,50,Course 8 Attempt 1,2024-01-06 00:00:00,0,CP_0310,yes,50,102,1,00:34:19,0,81,1,2023-01-27 00:00:00
311,8,88,completed,100,Course 8 Attempt 2,2024-01-08 02:00:00,0,CP_0311,no,100,102,1,00:27:06,1,81,2,2023-01-28 00:00:00
314,19,88,in_progress,75,Course 19 Attempt 1,2024-01-30 11:00:00,0,CP_0314,no,75,102,1,00:14:46,0,81,1,2023-04-09 00:00:00
315,19,88,in_progress,25,Course 19 Attempt 2,2024-02-09 15:00:00,0,CP_0315,no,25,102,1,00:36:05,0,81,2,2023-04-10 00:00:00
313,55,88,pending,0,Course 55 Attempt 2,2024-01-22 06:00:00,0,CP_0313,no,0,102,0,00:38:21,0,81,2,2023-04-29 00:00:00
312,55,88,in_progress,50,Course 55 Attempt 1,2024-01-12 03:00:00,0,CP_0312,yes,50,102,1,00:28:48,0,81,1,2023-04-30 00:00:00
316,65,88,in_progress,50,Course 65 Attempt 1,2024-02-17 20:00:00,0,CP_0316,yes,50,102,1,00:36:11,0,81,1,2023-03-01 00:00:00
318,51,89,pending,0,Course 51 Attempt 2,2024-01-14 01:00:00,0,CP_0318,no,0,201,0,00:12:12,0,22,2,2023-03-17 00:00:00
317,51,89,in_progress,25,Course 51 Attempt 1,2024-01-09 00:00:00,0,CP_0317,no,25,201,1,00:31:57,0,22,1,2023-03-18 00:00:00
319,76,89,pending,0,Course 76 Attempt 1,2024-01-24 03:00:00,0,CP_0319,no,0,201,0,00:59:40,0,22,1,2023-05-14 00:00:00
320,76,89,in_progress,50,Course 76 Attempt 2,2024-01-30 05:00:00,0,CP_0320,yes,50,201,1,00:19:45,0,22,2,2023-05-15 00:00:00
322,49,90,pending,0,Course 49 Attempt 2,2024-01-13 04:00:00,0,CP_0322,no,0,201,0,00:24:05,0,62,2,2023-04-08 00:00:00
321,49,90,in_progress,75,Course 49 Attempt 1,2024-01-11 00:00:00,0,CP_0321,no,75,201,1,00:31:27,0,62,1,2023-04-09 00:00:00
323,56,90,in_progress,75,Course 56 Attempt 1,2024-01-14 07:00:00,0,CP_0323,yes,75,201,1,00:24:54,0,62,1,2023-06-27 00:00:00
324,66,90,pending,0,Course 66 Attempt 1,2024-01-18 10:00:00,0,CP_0324,yes,0,201,0,00:39:02,0,62,1,2023-10-12 00:00:00
325,66,90,in_progress,75,Course 66 Attempt 2,2024-01-21 13:00:00,0,CP_0325,yes,75,201,1,00:36:35,0,62,2,2023-10-13 00:00:00
328,55,91,pending,0,Course 55 Attempt 1,2024-01-27 06:00:00,0,CP_0328,no,0,101,0,00:33:40,0,82,1,2023-08-06 00:00:00
326,69,91,in_progress,50,Course 69 Attempt 1,2024-01-11 00:00:00,0,CP_0326,no,50,101,1,00:50:37,0,82,1,2023-04-12 00:00:00
327,73,91,in_progress,25,Course 73 Attempt 1,2024-01-19 02:00:00,0,CP_0327,yes,25,101,1,00:53:26,0,82,1,2023-08-28 00:00:00
330,31,92,in_progress,75,Course 31 Attempt 2,2024-01-19 03:00:00,0,CP_0330,no,75,101,1,00:25:44,0,84,2,2023-09-23 00:00:00
329,31,92,completed,100,Course 31 Attempt 1,2024-01-10 00:00:00,0,CP_0329,no,100,101,1,00:56:22,1,84,1,2023-09-24 00:00:00
333,40,92,in_progress,75,Course 40 Attempt 1,2024-02-02 11:00:00,0,CP_0333,no,75,101,1,00:53:09,0,84,1,2023-05-30 00:00:00
334,40,92,in_progress,50,Course 40 Attempt 2,2024-02-09 16:00:00,0,CP_0334,yes,50,101,1,00:52:04,0,84,2,2023-05-31 00:00:00
332,90,92,pending,0,Course 90 Attempt 2,2024-01-29 07:00:00,0,CP_0332,no,0,101,0,00:12:36,0,84,2,2023-06-11 00:00:00
331,90,92,completed,100,Course 90 Attempt 1,2024-01-26 04:00:00,0,CP_0331,yes,100,101,1,00:56:01,1,84,1,2023-06-12 00:00:00
339,1,93,in_progress,25,Course 1 Attempt 1,2024-01-23 09:00:00,0,CP_0339,no,25,102,1,00:15:54,0,100,1,2023-02-05 00:00:00
340,1,93,in_progress,50,Course 1 Attempt 2,2024-01-27 13:00:00,0,CP_0340,yes,50,102,1,00:23:59,0,100,2,2023-02-06 00:00:00
337,49,93,pending,0,Course 49 Attempt 1,2024-01-17 05:00:00,0,CP_0337,yes,0,102,0,00:51:34,0,100,1,2023-05-04 00:00:00
338,49,93,in_progress,50,Course 49 Attempt 2,2024-01-19 08:00:00,0,CP_0338,no,50,102,1,00:46:12,0,100,2,2023-05-05 00:00:00
335,77,93,pending,0,Course 77 Attempt 1,2024-01-04 00:00:00,0,CP_0335,yes,0,102,0,00:12:49,0,100,1,2023-03-08 00:00:00
336,77,93,in_progress,75,Course 77 Attempt 2,2024-01-09 01:00:00,0,CP_0336,no,75,102,1,00:40:25,0,100,2,2023-03-09 00:00:00
343,30,94,in_progress,75,Course 30 Attempt 2,2024-01-14 05:00:00,0,CP_0343,yes,75,201,1,00:42:51,0,20,2,2023-01-26 00:00:00
342,30,94,completed,100,Course 30 Attempt 1,2024-01-08 03:00:00,0,CP_0342,no,100,201,1,00:32:19,1,20,1,2023-01-27 00:00:00
341,32,94,in_progress,50,Course 32 Attempt 1,2024-01-03 00:00:00,0,CP_0341,no,50,201,1,00:51:53,0,20,1,2023-04-07 00:00:00
344,57,95,in_progress,75,Course 57 Attempt 1,2024-01-10 00:00:00,0,CP_0344,yes,75,201,1,00:52:19,0,31,1,2023-04-03 00:00:00
345,57,95,in_progress,50,Course 57 Attempt 2,2024-01-20 01:00:00,0,CP_0345,yes,50,201,1,00:57:23,0,31,2,2023-04-04 00:00:00
348,75,95,in_progress,25,Course 75 Attempt 1,2024-01-24 10:00:00,0,CP_0348,no,25,201,1,00:34:32,0,31,1,2023-04-26 00:00:00
349,75,95,in_progress,75,Course 75 Attempt 2,2024-02-03 12:00:00,0,CP_0349,no,75,201,1,00:20:36,0,31,2,2023-04-27 00:00:00
346,90,95,in_progress,75,Course 90 Attempt 1,2024-01-22 03:00:00,0,CP_0346,yes,75,201,1,00:16:23,0,31,1,2023-08-10 00:00:00
347,90,95,in_progress,25,Course 90 Attempt 2,2024-01-23 08:00:00,0,CP_0347,yes,25,201,1,00:18:48,0,31,2,2023-08-11 00:00:00
353,73,96,in_progress,25,Course 73 Attempt 1,2024-01-13 12:00:00,0,CP_0353,no,25,101,1,00:56:52,0,19,1,2023-09-05 00:00:00
354,73,96,in_progress,25,Course 73 Attempt 2,2024-01-19 13:00:00,0,CP_0354,no,25,101,1,00:18:08,0,19,2,2023-09-06 00:00:00
355,80,96,in_progress,25,Course 80 Attempt 1,2024-01-25 16:00:00,0,CP_0355,no,25,101,1,00:14:40,0,19,1,2023-02-23 00:00:00
350,82,96,in_progress,50,Course 82 Attempt 1,2024-01-04 00:00:00,0,CP_0350,yes,50,101,1,00:37:45,0,19,1,2023-02-23 00:00:00
352,84,96,pending,0,Course 84 Attempt 2,2024-01-09 08:00:00,0,CP_0352,yes,0,101,0,00:36:29,0,19,2,2023-07-07 00:00:00
351,84,96,in_progress,25,Course 84 Attempt 1,2024-01-08 03:00:00,0,CP_0351,no,25,101,1,00:23:30,0,19,1,2023-07-08 00:00:00
356,24,97,in_progress,50,Course 24 Attempt 1,2024-01-08 00:00:00,0,CP_0356,no,50,101,1,00:28:58,0,37,1,2023-08-07 00:00:00
357,72,97,pending,0,Course 72 Attempt 1,2024-01-18 01:00:00,0,CP_0357,no,0,101,0,00:46:19,0,37,1,2023-10-27 00:00:00
358,72,97,completed,100,Course 72 Attempt 2,2024-01-21 06:00:00,0,CP_0358,yes,100,101,1,00:11:31,1,37,2,2023-10-28 00:00:00
361,19,98,pending,0,Course 19 Attempt 1,2024-01-08 09:00:00,0,CP_0361,no,0,102,0,00:18:41,0,75,1,2023-09-09 00:00:00
362,19,98,in_progress,75,Course 19 Attempt 2,2024-01-18 14:00:00,0,CP_0362,yes,75,102,1,00:57:06,0,75,2,2023-09-10 00:00:00
363,24,98,in_progress,25,Course 24 Attempt 1,2024-01-20 18:00:00,0,CP_0363,no,25,102,1,00:40:04,0,75,1,2023-10-26 00:00:00
364,24,98,in_progress,75,Course 24 Attempt 2,2024-01-25 19:00:00,0,CP_0364,yes,75,102,1,00:46:38,0,75,2,2023-10-27 00:00:00
359,69,98,in_progress,25,Course 69 Attempt 1,2024-01-02 00:00:00,0,CP_0359,no,25,102,1,00:37:44,0,75,1,2023-04-24 00:00:00
360,69,98,in_progress,75,Course 69 Attempt 2,2024-01-06 04:00:00,0,CP_0360,yes,75,102,1,00:13:10,0,75,2,2023-04-25 00:00:00
370,15,99,completed,100,Course 15 Attempt 1,2024-02-15 18:00:00,0,CP_0370,no,100,201,1,00:49:16,1,77,1,2023-08-22 00:00:00
366,46,99,in_progress,75,Course 46 Attempt 1,2024-01-17 04:00:00,0,CP_0366,yes,75,201,1,00:40:14,0,77,1,2023-06-15 00:00:00
367,46,99,completed,100,Course 46 Attempt 2,2024-01-26 07:00:00,0,CP_0367,no,100,201,1,00:34:18,1,77,2,2023-06-16 00:00:00
368,71,99,pending,0,Course 71 Attempt 1,2024-02-05 11:00:00,0,CP_0368,no,0,201,0,00:26:44,0,77,1,2023-02-27 00:00:00
369,71,99,in_progress,50,Course 71 Attempt 2,2024-02-14 15:00:00,0,CP_0369,yes,50,201,1,00:29:03,0,77,2,2023-02-28 00:00:00
365,84,99,in_progress,75,Course 84 Attempt 1,2024-01-09 00:00:00,0,CP_0365,no,75,201,1,00:18:56,0,77,1,2023-02-03 00:00:00
372,14,100,pending,0,Course 14 Attempt 2,2024-01-10 03:00:00,0,CP_0372,yes,0,201,0,00:39:42,0,66,2,2023-07-12 00:00:00
371,14,100,in_progress,50,Course 14 Attempt 1,2024-01-02 00:00:00,0,CP_0371,yes,50,201,1,00:11:14,0,66,1,2023-07-13 00:00:00
373,36,100,pending,0,Course 36 Attempt 1,2024-01-14 06:00:00,0,CP_0373,no,0,201,0,00:30:44,0,66,1,2023-05-26 00:00:00
374,36,100,in_progress,25,Course 36 Attempt 2,2024-01-21 09:00:00,0,CP_0374,yes,25,201,1,00:20:33,0,66,2,2023-05-27 00:00:00
375,93,100,pending,0,Course 93 Attempt 1,2024-01-29 12:00:00,0,CP_0375,yes,0,201,0,00:12:22,0,66,1,2023-08-08 00:00:00
